Haglof_Plot_ID,Plot_Radius,Haglof_ID,Tree_Dia_mm,Tree_PosTex1,Tree_PosTex2,Tree_PosTex3,Tree_Local_x,Tree_Local_y,Tree_Local_Dist,Tree_Local_Angle,Tree_Angle_ToPlotCenter,Latitude,Longitude
101,25,1,516,483,684,607,-5.61,-0.79,5.67,262,-3,45.5617452,-84.7078597
101,25,3347,339,1144,1327,1178,-11.33,4.06,12.04,289.7,2,45.5617903,-84.7079312
101,25,3348,170,812,814,638,-0.2,7.5,7.5,358.48,-4,45.5618184,-84.7077874
101,25,3349,192,831,826,656,0.09,7.66,7.66,0.67,-6,45.5618197,-84.7077836
101,25,3350,111,580,549,393,0.89,4.96,5.04,10.13,-5,45.5617953,-84.7077744
101,25,3351,93,589,521,398,2.02,4.57,5,23.8,-3,45.5617915,-84.7077601
101,25,3352,118,613,554,421,1.8,4.95,5.26,19.95,-4,45.5617949,-84.7077628
101,25,3353,234,593,440,432,3.95,2.66,4.76,56.11,3,45.5617738,-84.707736
101,25,3355,378,1160,1374,1301,-12.4,-2.39,12.63,259.1,-2,45.5617326,-84.7079473
101,25,3357,90,1083,1270,1249,-10.96,-4.89,12,245.96,-1,45.5617097,-84.7079297
101,25,3358,94,1355,1540,1550,-12.42,-8.05,14.8,237.05,-4,45.5616817,-84.7079495
101,25,3359,152,1140,1279,1512,-5.8,-11.47,12.85,206.82,-1,45.5616492,-84.707866
101,25,3360,192,992,1110,1190,-6.12,-9.03,10.91,214.1,-2,45.5616712,-84.7078692
101,25,3361,260,873,1002,1073,-5.86,-7.76,9.72,217.06,-2,45.5616827,-84.7078654
101,25,3362,247,1012,1113,1207,-5.28,-9.67,11.02,208.64,-1,45.5616653,-84.7078587
101,25,3363,267,654,737,841,-2.79,-6.77,7.32,202.39,-7,45.5616907,-84.7078258
101,25,3364,397,413,568,605,-3.61,-3.6,5.1,225.08,-8,45.5617194,-84.7078352
101,25,3365,142,1228,1253,1405,-1.5,-12.82,12.91,186.68,11,45.561636,-84.7078115
101,25,3366,165,1274,1281,1440,-0.33,-13.27,13.27,181.42,5,45.5616316,-84.7077967
101,25,3367,77,1178,1179,1344,0.02,-12.32,12.32,179.91,0,45.5616401,-84.7077918
101,25,3368,88,1757,1746,1918,1.06,-18.04,18.07,176.64,4,45.5615884,-84.7077806
102,25,3354,131,957,1142,1136,-9.42,-5.17,10.75,241.25,-5,45.5617121,-84.7080166
102,25,3356,362,633,747,824,-3.81,-6.09,7.19,212.06,-3,45.5617024,-84.7079451
103,25,3369,133,1339,1530,1492,-13.73,-4.69,14.51,251.13,-5,45.5616118,-84.7077973
103,25,3370,400,1050,1255,1213,-10.88,-3.87,11.55,250.44,-2,45.5616184,-84.7077605
103,25,3371,290,785,978,907,-8.71,-1.17,8.79,262.36,2,45.5616422,-84.7077318
103,25,3372,231,783,970,923,-8.53,-2.35,8.84,254.61,-8,45.5616315,-84.7077298
103,25,3373,133,754,937,892,-8.27,-2.27,8.58,254.65,-13,45.5616321,-84.7077265
103,25,3,430,592,766,753,-6.1,-3.13,6.86,242.85,-12,45.5616239,-84.7076991
103,25,4,120,730,894,902,-7.02,-4.6,8.39,236.74,11,45.5616108,-84.7077113
103,25,3374,166,784,961,960,-7.73,-4.53,8.96,239.63,-1,45.5616117,-84.7077204
103,25,3375,132,872,1286,1043,-10.26,-0.77,10.29,265.71,-9,45.5616461,-84.7077515
103,25,3376,280,818,969,1000,-6.89,-6.06,9.18,228.67,-8,45.5615977,-84.7077102
103,25,3377,265,1020,1153,1216,-7.11,-8.64,11.19,219.45,0,45.5615746,-84.707714
103,25,3378,124,1168,1333,1356,-10.21,-7.77,12.83,232.72,3,45.5615832,-84.7077533
103,25,3379,171,1262,1369,1457,-7.09,-11.57,13.57,211.52,-5,45.5615482,-84.7077148
103,25,3380,108,1214,1310,1400,-6.35,-11.42,13.07,209.08,-17,45.5615494,-84.7077053
103,25,3381,282,1096,1193,1300,-5.27,-10.62,11.85,206.39,1,45.5615563,-84.7076911
103,25,3382,102,1003,1098,1198,-4.98,-9.77,10.97,206.99,-2,45.5615638,-84.7076871
103,25,3383,352,682,738,864,-1.86,-7.23,7.47,194.44,-19,45.5615859,-84.7076463
103,25,3384,168,1105,1133,1288,-1.43,-11.62,11.71,187.02,-1,45.5615463,-84.7076423
103,25,3385,92,1118,1139,1296,-1.1,-11.77,11.82,185.34,-1,45.5615449,-84.7076382
103,25,3386,241,1135,1093,1276,2.5,-11.33,11.6,167.57,-6,45.5615479,-84.707592
104,30,3387,128,1756,1921,1766,-16.18,8.19,18.13,296.83,2,45.5615373,-84.7075349
104,30,3388,255,1387,1584,1450,-14.34,3.03,14.65,281.93,1,45.5614905,-84.7075132
104,30,3389,300,1368,1560,1424,-13.99,3.41,14.4,283.7,6,45.5614938,-84.7075086
104,30,3390,142,1497,1631,1435,-10.39,11.07,15.18,316.81,5,45.5615617,-84.7074597
104,30,3391,95,1231,1321,1120,-5.77,10.79,12.23,331.84,3,45.561558,-84.7074007
104,30,5,97,1240,1326,1127,-5.59,10.96,12.3,333,4,45.5615596,-84.7073983
104,30,6,298,1190,1328,1139,-8.78,8.28,12.08,313.32,-2,45.5615363,-84.7074402
104,30,3392,164,947,1112,944,-8.6,5.01,9.96,300.19,2,45.5615068,-84.7074391
104,30,3393,357,711,890,741,-7.18,2.66,7.66,290.33,-1,45.5614853,-84.7074217
104,30,3394,153,971,1172,1090,-10.69,-0.97,10.74,264.83,-4,45.5614536,-84.707468
104,30,3395,166,1019,1222,1138,-11.17,-0.97,11.21,265.04,0,45.5614537,-84.7074741
104,30,3396,297,454,548,352,-2.48,3.6,4.37,325.44,1,45.5614925,-84.7073612
104,30,3398,345,552,400,383,3.41,2.58,4.27,52.86,5,45.5614819,-84.7072862
104,30,3399,302,600,443,434,3.92,2.71,4.77,55.41,3,45.5614829,-84.7072795
104,30,7,383,762,631,576,4.39,4.66,6.4,43.3,-7,45.5615003,-84.7072729
104,30,3400,127,537,447,641,2.31,-4.83,5.36,154.49,-3,45.5614155,-84.707303
104,30,3401,271,699,507,669,5.81,-1.97,6.14,108.7,3,45.5614403,-84.707257
104,30,3402,148,915,767,962,6.32,-6.09,8.78,133.94,-1,45.5614031,-84.7072521
104,30,3403,101,924,773,966,6.53,-6,8.86,132.58,-2,45.5614039,-84.7072494
104,30,3404,247,1202,1062,1258,8.04,-8.45,11.66,136.42,1,45.5613815,-84.7072309
104,30,3405,184,1476,1353,1554,8.73,-11.65,14.56,143.15,0,45.5613525,-84.7072232
104,30,3406,138,1534,1408,1608,9.28,-11.96,15.14,142.19,-5,45.5613495,-84.7072162
104,30,3407,89,1458,1326,1525,9.24,-11,14.36,139.97,1,45.5613582,-84.7072165
104,30,3408,156,1477,1340,1539,9.65,-10.78,14.47,138.16,2,45.5613601,-84.7072111
104,30,3409,219,1265,1069,1198,11.6,-1.64,11.72,98.03,-4,45.5614418,-84.7071828
104,30,3410,342,1694,1571,1772,10.08,-13.27,16.66,142.79,3,45.5613376,-84.7072066
104,30,3411,228,1730,1610,1832,9.34,-14.4,17.16,147.03,-1,45.5613276,-84.7072164
104,30,3412,100,1677,1547,1747,10.48,-12.82,16.56,140.74,-9,45.5613415,-84.7072013
104,30,3413,197,1760,1580,1773,14.23,-9.27,16.98,123.08,1,45.5613725,-84.707152
106,25,3414,287,1769,1581,1678,16.67,0.26,16.68,89.11,7,45.5614397,-84.7071034
106,25,3415,137,1800,1623,1800,15.12,-8.6,17.39,119.63,3,45.5613605,-84.7071265
106,25,3416,169,1886,1752,1945,12.5,-13.73,18.57,137.67,5,45.561315,-84.7071619
106,25,3417,415,2266,2078,2260,19.36,-10.16,21.87,117.7,6,45.5613453,-84.7070728
106,25,3418,388,2265,2091,2273,18.68,-11.54,21.95,121.71,1,45.5613331,-84.7070821
106,25,8,432,1590,1396,1545,14.41,-3.94,14.94,105.31,5,45.5614025,-84.7071339
106,25,3419,370,2156,1971,2142,18.77,-8.89,20.77,115.33,4,45.5613569,-84.7070798
107,25,3420,83,920,1117,1018,-10.16,0.29,10.17,271.63,6,45.561494,-84.7070154
107,25,3421,91,678,855,855,-6.84,-4.03,7.94,239.49,7,45.5614543,-84.7069744
107,25,9,75,1281,1472,1335,-13.19,3.4,13.62,284.44,5,45.5615227,-84.707053
107,25,3422,81,877,1026,1066,-7.22,-6.75,9.89,226.92,6,45.5614299,-84.7069802
107,25,3423,83,727,851,923,-4.91,-6.72,8.32,216.15,-1,45.5614296,-84.7069506
107,25,3424,399,945,1036,838,-4.68,7.96,9.24,329.53,8,45.5615616,-84.7069424
107,25,3425,428,1047,1156,930,-5.17,8.84,10.24,329.71,2,45.5615697,-84.7069482
107,25,10,96,400,320,512,1.52,-3.73,4.03,157.88,4,45.5614548,-84.7068673
107,25,3426,76,945,766,819,8.12,2.28,8.43,74.32,1,45.5615072,-84.7067805
107,25,3427,435,948,775,849,8.33,1.25,8.42,81.45,23,45.5614979,-84.7067782
107,25,3428,215,928,940,1092,-0.43,-9.79,9.8,182.51,3,45.5614009,-84.7068944
107,25,3429,256,1205,1215,1372,-0.45,-12.54,12.55,182.04,6,45.5613761,-84.7068956
107,25,3430,313,1303,1311,1473,-0.33,-13.51,13.51,181.39,6,45.5613674,-84.7068945
107,25,3431,322,1210,1193,1358,1.25,-12.36,12.42,174.23,8,45.5613773,-84.7068739
107,25,3432,375,1366,1321,1503,3.28,-13.44,13.83,166.27,4,45.5613671,-84.7068482
108,25,3433,214,1370,1536,1543,-12.42,-7.99,14.77,237.26,-3,45.5613541,-84.7067815
108,25,3434,103,1051,1234,1194,-11.04,-3.5,11.59,252.42,-16,45.5613941,-84.7067622
108,25,3435,101,1130,1266,1322,-8.27,-9.22,12.38,221.89,1,45.561342,-84.7067288
108,25,3436,122,1289,1402,1480,-7.8,-11.5,13.89,214.15,1,45.5613214,-84.7067236
108,25,3437,112,685,821,875,-5.21,-5.96,7.91,221.16,2,45.5613705,-84.7066884
108,25,11,90,570,687,749,-3.97,-5.35,6.66,216.56,-21,45.5613757,-84.7066723
108,25,3439,119,1104,1172,1297,-3.8,-11.25,11.88,198.65,2,45.5613225,-84.7066723
108,25,3440,101,1388,1443,1668,-3.05,-14.59,14.91,191.79,-14,45.5612923,-84.7066639
108,25,3441,118,1396,1439,1585,-2.93,-14.4,14.7,191.51,4,45.561294,-84.7066624
108,25,3442,123,793,781,952,0.56,-8.36,8.38,176.18,4,45.5613474,-84.7066154
108,25,3438,221,508,582,694,-1.93,-5.52,5.84,199.25,12,45.5613736,-84.7066462
108,25,3443,102,666,622,808,1.51,-6.78,6.95,167.49,-8,45.5613614,-84.7066027
108,25,12,273,808,749,938,2.45,-7.84,8.21,162.65,2,45.5613517,-84.706591
108,25,3444,94,978,869,1067,5.14,-8.23,9.7,147.99,-3,45.5613474,-84.7065567
108,25,3445,101,1675,1657,1833,1.58,-17.13,17.2,174.72,8,45.5612683,-84.7066055
108,25,3446,129,1705,1677,1857,2.48,-17.27,17.45,171.84,8,45.5612668,-84.7065942
108,25,3447,121,1471,1303,1501,11.21,-8.75,14.23,127.98,2,45.5613411,-84.7064792
108,25,13,124,1352,1196,1393,9.83,-8.68,13.11,131.43,-5,45.5613422,-84.7064968
109,25,3448,215,1219,1390,1395,-11.25,-7.06,13.28,237.88,6,45.5612889,-84.7065255
109,25,3449,377,1181,1361,1353,-11.28,-6.1,12.83,241.6,-17,45.5612976,-84.7065256
109,25,14,116,635,820,788,-6.99,-2.57,7.44,249.79,14,45.5613282,-84.7064693
109,25,15,79,511,698,659,-5.91,-1.87,6.2,252.42,14,45.5613342,-84.7064553
109,25,16,222,235,388,431,-2.25,-2.52,3.38,221.77,4,45.5613274,-84.7064087
109,25,17,31,379,338,517,0.82,-3.98,4.06,168.41,6,45.5613136,-84.7063699
109,25,18,425,1332,1239,1437,6.14,-11.66,13.18,152.21,-11,45.5612431,-84.7063045
109,25,3450,413,1225,1326,1422,-6.22,-11.5,13.08,208.39,2,45.5612477,-84.7064627
109,25,3451,323,839,968,1033,-5.72,-7.38,9.34,217.76,5,45.5612846,-84.7064548
109,25,3452,137,644,762,827,-4.3,-6.03,7.41,215.46,7,45.5612964,-84.7064361
109,25,3453,161,481,412,281,1.43,3.55,3.83,21.94,-1,45.5613811,-84.7063593
109,25,3454,181,836,641,741,7.34,0.32,7.35,87.53,9,45.5613505,-84.7062848
109,25,3455,402,674,581,778,3.08,-5.84,6.6,152.19,-1,45.5612962,-84.7063416
109,25,3456,270,860,855,1023,0.39,-9.01,9.02,177.54,6,45.5612684,-84.7063772
109,25,3457,240,941,904,1078,1.9,-9.47,9.66,168.67,3,45.5612639,-84.7063581
109,25,3458,88,1055,1076,1221,-1.12,-11.11,11.17,185.75,-17,45.5612499,-84.7063973
109,25,3459,329,1375,1358,1529,1.36,-14.03,14.09,174.46,12,45.561223,-84.7063666
109,25,3460,106,1070,1044,1218,1.49,-10.98,11.08,172.3,8,45.5612504,-84.7063639
109,25,3461,148,1116,1086,1263,1.76,-11.38,11.51,171.19,8,45.5612468,-84.7063605
109,25,3462,307,1459,1425,1605,2.65,-14.63,14.87,169.72,8,45.5612173,-84.7063503
109,25,3463,363,1597,1572,1744,2.27,-16.09,16.24,171.98,-17,45.5612043,-84.7063558
110,25,3464,91,1747,1780,1926,-2.89,-17.94,18.17,189.15,5,45.5611866,-84.7062997
110,25,3465,84,1747,1756,1913,-0.74,-18.03,18.05,182.34,5,45.5611852,-84.7062722
110,25,3466,338,1168,1196,1350,-1.43,-12.17,12.26,186.69,10,45.5612381,-84.7062789
110,25,3467,222,761,746,912,0.71,-7.95,7.98,174.86,7,45.5612755,-84.7062499
110,25,3468,230,1482,1406,1591,5.87,-13.65,14.86,156.74,11,45.5612229,-84.706186
110,25,3469,232,1473,1389,1572,6.59,-13.15,14.71,153.37,-16,45.5612272,-84.7061765
111,25,3470,153,598,782,647,-6.43,1.84,6.69,285.93,7,45.5612387,-84.7063693
111,25,3471,99,588,770,626,-6.21,2.16,6.57,289.18,-1,45.5612415,-84.7063663
115,25,3472,75,1348,1540,1412,-14.04,2.87,14.33,281.53,10,45.5612252,-84.7056503
115,25,3473,102,1260,1454,1340,-13.4,1.58,13.49,276.74,12,45.5612135,-84.7056425
115,25,3474,118,1412,1612,1540,-15.02,-2.3,15.2,261.29,9,45.5611789,-84.7056647
115,25,3475,107,1311,1506,1455,-13.74,-3.69,14.23,254.97,-11,45.5611661,-84.7056488
115,25,3476,87,1111,1313,1218,-12.12,-0.33,12.12,268.46,17,45.561196,-84.7056268
115,25,3477,80,978,1116,923,-7.15,7.06,10.05,314.64,1,45.5612611,-84.7055605
115,25,3478,106,882,1068,997,-9.73,-1.2,9.8,262.94,-21,45.5611874,-84.7055965
115,25,3479,87,907,1102,1030,-10.03,-1.34,10.12,262.39,12,45.5611863,-84.7056004
115,25,3480,184,954,1157,1081,-10.47,-1.51,10.58,261.81,15,45.5611849,-84.7056061
115,25,3481,143,989,1218,1117,-10.98,-0.87,11.02,265.45,11,45.5611907,-84.7056125
115,25,3482,141,1031,1234,1171,-11.16,-2.38,11.41,257.98,6,45.5611773,-84.7056153
115,25,3483,122,1249,1420,1426,-11.52,-7.26,13.62,237.79,3,45.5611334,-84.7056217
115,25,3484,284,415,604,577,-4.78,-2.02,5.19,247.04,9,45.5611788,-84.7055335
115,25,19,373,416,587,587,-4.34,-2.74,5.13,237.71,-19,45.5611722,-84.7055281
115,25,3485,111,1117,1195,1311,-4.45,-11.2,12.05,201.66,7,45.5610962,-84.7055326
115,25,3486,119,704,816,897,-4.29,-6.77,8.02,212.37,5,45.5611359,-84.705529
115,25,3487,80,417,559,606,-3.55,-3.85,5.24,222.72,11,45.5611621,-84.7055184
115,25,3488,85,616,515,423,2.89,4.26,5.15,34.15,7,45.5612333,-84.705433
115,25,3489,84,849,853,1019,-0.09,-9.05,9.05,180.57,4,45.5611144,-84.705476
115,25,3490,165,1024,1041,1192,-0.77,-10.78,10.81,184.07,5,45.561099,-84.7054853
115,25,3491,131,1174,1034,1238,7.65,-8.52,11.45,138.1,6,45.5611171,-84.7053767
115,25,20,314,1127,994,1194,7.16,-8.26,10.93,139.08,8,45.5611196,-84.7053829
115,25,21,160,1640,1474,1663,12.81,-9.38,15.88,126.22,5,45.5611081,-84.7053109
115,25,3493,208,1638,1478,1670,12.41,-9.94,15.9,128.7,8,45.5611032,-84.7053163
115,25,3492,82,1257,1063,1158,11.58,0.5,11.59,87.53,11,45.5611973,-84.705323
116,25,3494,223,1129,1327,1290,-11.65,-4.26,12.41,249.93,7,45.5610751,-84.7053049
116,25,3495,173,1329,1528,1451,-14.22,-1.69,14.32,263.21,8,45.5610988,-84.7053368
116,25,3496,263,1282,1478,1377,-13.7,0.3,13.71,271.27,18,45.5611166,-84.7053295
116,25,3497,276,1031,1225,1154,-11.15,-1.61,11.26,261.81,10,45.5610988,-84.7052974
116,25,3498,258,1354,1523,1531,-12.26,-7.95,14.61,237.02,12,45.561042,-84.705314
116,25,3499,74,1193,1349,1385,-9.88,-8.59,13.09,228.99,4,45.5610357,-84.7052837
116,25,3500,149,576,745,745,-5.87,-3.51,6.84,239.15,-16,45.5610803,-84.7052306
116,25,3501,139,599,777,762,-6.37,-3.1,7.09,244.1,-14,45.5610842,-84.7052369
116,25,22,65,631,810,798,-6.67,-3.33,7.45,243.5,7,45.5610822,-84.7052407
116,25,23,126,821,743,934,3.2,-7.65,8.3,157.32,8,45.5610407,-84.705116
116,25,24,456,1030,945,1142,4.4,-9.21,10.21,154.48,8,45.5610264,-84.7051012
116,25,25,285,2150,1985,2158,17.74,-11.03,20.88,121.87,-16,45.5610067,-84.7049311
116,25,3502,346,504,698,594,-5.83,0.3,5.83,272.97,13,45.5611146,-84.7052286
116,25,3503,188,439,259,329,3.21,0.79,3.3,76.09,7,45.5611167,-84.7051128
116,25,3504,96,1167,1267,1363,-6.13,-11.05,12.64,209.02,12,45.5610125,-84.7052367
116,25,3505,351,735,714,887,0.97,-7.58,7.64,172.75,10,45.5610419,-84.7051445
116,25,3506,134,750,715,890,1.43,-7.68,7.82,169.44,9,45.5610409,-84.7051386
116,25,3507,78,834,758,944,3.27,-7.78,8.44,157.21,-17,45.5610395,-84.7051151
116,25,3508,85,803,748,936,2.25,-7.96,8.27,164.23,11,45.5610382,-84.7051283
116,25,3509,137,1520,1529,1702,-0.56,-15.79,15.8,182.02,5,45.5609685,-84.705167
116,25,3510,96,1526,1524,1692,0.24,-15.78,15.79,179.14,-11,45.5609684,-84.7051569
117,25,3511,87,1964,2161,2068,-20.64,-0.44,20.64,268.79,8,45.5610807,-84.7050661
117,25,3512,99,1697,1894,1813,-17.94,-1.56,18.01,265.04,10,45.56107,-84.705032
117,25,3513,89,1428,1624,1453,-13.81,5.87,15,293.02,13,45.5611356,-84.7049763
117,25,3514,303,1456,1559,1355,-7.66,12.27,14.46,328.04,2,45.5611917,-84.7048952
117,25,3515,454,801,836,645,-1.66,7.23,7.42,347.06,6,45.5611448,-84.7048203
117,25,3516,320,517,690,546,-5.34,1.97,5.69,290.25,-15,45.5610984,-84.7048694
117,25,3517,205,1281,1166,1087,6.97,9.42,11.72,36.49,10,45.5611623,-84.704709
117,25,3518,305,1008,861,835,6.98,5.53,8.9,51.64,-8,45.5611272,-84.7047103
117,25,3519,286,906,757,739,6.37,4.69,7.91,53.66,-17,45.5611198,-84.7047184
117,25,3520,92,845,694,687,6.23,4.01,7.41,57.26,-22,45.5611138,-84.7047204
117,25,3521,434,943,765,801,7.62,3.02,8.2,68.38,13,45.5611045,-84.704703
117,25,3522,157,672,544,494,4.01,3.97,5.64,45.28,-12,45.561114,-84.7047489
117,25,3523,186,641,492,483,4.41,2.95,5.31,56.28,15,45.5611047,-84.7047441
117,25,3524,130,663,505,510,4.82,2.75,5.55,60.34,14,45.5611028,-84.7047389
117,25,26,149,637,506,456,3.76,3.68,5.26,45.61,-4,45.5611115,-84.7047522
117,25,27,528,1189,1187,1358,0.42,-12.22,12.23,178.05,-7,45.5609693,-84.7048008
117,25,3525,89,962,783,931,8.4,-2.97,8.91,109.46,-21,45.5610505,-84.7046952
117,25,3526,93,971,794,951,8.32,-3.55,9.04,113.13,20,45.5610452,-84.7046965
117,25,3527,102,1005,1019,1176,-0.62,-10.63,10.64,183.33,-15,45.5609839,-84.7048135
117,25,3528,449,1153,1168,1326,-0.6,-11.97,11.98,182.86,11,45.5609719,-84.7048137
117,25,3529,199,1645,1733,1845,-7.23,-15.77,17.35,204.63,-6,45.5609393,-84.7049
117,25,3530,256,1633,1723,1827,-7.63,-15.41,17.2,206.34,-19,45.5609427,-84.704905
117,25,3531,437,1974,2041,2170,-6.46,-19.41,20.45,198.4,8,45.5609064,-84.7048915
117,25,3532,196,1835,1879,2023,-4.01,-18.64,19.07,192.15,11,45.5609127,-84.7048599
118,25,3533,109,1450,1562,1654,-8.27,-13.15,15.54,212.16,3,45.5609244,-84.7047168
118,25,3534,86,1406,1514,1613,-7.67,-13.01,15.1,210.52,6,45.5609256,-84.704709
118,25,3535,79,1183,1315,1375,-8.4,-9.81,12.91,220.57,7,45.5609546,-84.7047172
118,25,3536,88,836,1013,1002,-8.46,-4.3,9.49,243.04,12,45.5610041,-84.704716
118,25,3537,141,483,503,650,-0.39,-5.36,5.37,184.14,6,45.5609925,-84.704613
118,25,3538,477,681,752,859,-2.48,-7.03,7.45,199.47,22,45.560978,-84.7046405
118,25,3539,188,880,978,1072,-4.58,-8.55,9.7,208.18,9,45.5609649,-84.7046679
118,25,28,428,559,618,718,-1.83,-5.88,6.16,197.27,33,45.5609882,-84.7046316
118,25,29,209,1027,940,1123,4.61,-9.14,10.24,153.26,2,45.5609572,-84.7045504
118,25,30,359,1497,1365,1601,8.43,-12.06,14.72,145.06,5,45.5609299,-84.7045026
118,25,3540,139,1481,1467,1629,1.22,-15.19,15.24,175.4,20,45.5609036,-84.704596
118,25,3541,123,1285,1224,1419,3.94,-12.46,13.07,162.46,6,45.5609275,-84.7045602
118,25,3542,196,1160,1054,1274,5.63,-10.08,11.55,150.84,7,45.5609485,-84.7045377
118,25,3543,181,983,865,1073,5.44,-8.01,9.68,145.8,6,45.5609672,-84.7045394
118,25,3544,159,1482,1391,1592,6.58,-13.31,14.85,153.68,4,45.5609192,-84.7045267
118,25,3545,179,1976,1912,2103,6.39,-18.87,19.93,161.28,4,45.5608692,-84.7045311
119,25,3546,156,441,398,575,1.05,-4.51,4.63,166.88,17,45.560871,-84.7045223
119,25,3547,291,529,474,665,1.56,-5.18,5.41,163.22,14,45.5608649,-84.704516
119,25,3548,212,504,543,686,-0.89,-5.6,5.67,189.05,8,45.5608618,-84.7045476
119,25,3549,234,527,573,711,-1.12,-5.82,5.93,190.88,11,45.5608598,-84.7045506
119,25,3550,279,598,513,711,2.48,-5.39,5.93,155.33,3,45.5608628,-84.7045044
119,25,3551,83,953,767,934,8.08,-3.55,8.83,113.74,11,45.5608779,-84.704432
119,25,3552,234,830,634,742,7.28,0.01,7.28,89.92,12,45.5609101,-84.7044409
119,25,3553,402,1224,1049,1066,9.82,4.9,10.98,63.46,-10,45.5609535,-84.7044066
119,25,3557,83,1397,1208,1355,12.64,-3.8,13.2,106.74,-13,45.5608745,-84.7043737
119,25,3558,82,1581,1390,1538,14.4,-4.31,15.03,106.65,7,45.5608695,-84.7043513
119,25,3559,82,1499,1322,1481,13.11,-5.82,14.35,113.95,8,45.5608562,-84.7043684
119,25,3560,104,1851,1660,1810,16.93,-5.27,17.73,107.29,10,45.5608602,-84.7043193
120,25,3554,97,691,851,884,-6.11,-5.26,8.06,229.28,1,45.5609262,-84.704302
120,25,3555,251,599,571,748,0.99,-6.21,6.29,170.99,15,45.5609158,-84.7042115
120,25,31,334,654,605,788,1.77,-6.44,6.68,164.66,-15,45.5609135,-84.7042016
120,25,32,275,546,420,619,3.17,-4.08,5.17,142.12,6,45.5609344,-84.7041827
120,25,33,191,769,579,700,6.73,-0.63,6.76,95.33,-11,45.5609645,-84.7041359
120,25,34,397,1213,1046,1056,9.59,5.18,10.9,61.62,8,45.561016,-84.7040972
120,25,3556,124,1194,1114,1301,4.91,-10.96,12.01,155.87,-13,45.5608721,-84.704163
120,25,3561,85,364,557,530,-4.46,-1.77,4.79,248.33,-6,45.5609571,-84.7042796
120,25,3562,126,299,496,442,-3.96,-0.88,4.06,257.43,7,45.560965,-84.7042729
120,25,3563,91,402,580,463,-4.66,1.01,4.77,282.21,-18,45.5609822,-84.7042812
120,25,3564,197,463,623,469,-4.52,2.31,5.07,297.06,12,45.5609938,-84.7042789
120,25,3565,128,525,666,492,-4.36,3.43,5.55,308.15,-10,45.5610039,-84.7042765
120,25,3566,133,694,713,524,-0.75,6.35,6.4,353.31,6,45.5610293,-84.7042291
120,25,3567,130,621,485,665,4.18,-4.11,5.86,134.49,-23,45.5609339,-84.7041699
120,25,3568,343,1163,989,1163,9.56,-5.28,10.92,118.91,8,45.560922,-84.7041015
120,25,3569,87,1525,1335,1488,13.74,-4.6,14.5,108.52,6,45.560927,-84.7040476
120,25,3570,117,731,544,682,6.34,-1.34,6.48,101.97,13,45.5609582,-84.7041412
120,25,3571,116,717,525,664,6.19,-1.21,6.31,101.03,4,45.5609595,-84.704143
120,25,3572,81,742,627,551,3.96,5,6.38,38.38,-8,45.5610159,-84.7041693
120,25,3573,84,1711,1526,1568,15.22,5.02,16.02,71.73,10,45.5610132,-84.7040252
120,25,3574,161,1484,1324,1316,11.55,7.4,13.72,57.33,-14,45.5610355,-84.7040713
120,25,3575,417,1740,1602,1572,12.5,10.36,16.23,50.35,11,45.5610618,-84.7040581
120,25,3595,142,876,692,757,7.53,1.66,7.71,77.55,12,45.5609849,-84.7041248
120,25,3596,152,922,742,798,7.91,2.07,8.17,75.35,-14,45.5609885,-84.7041199
120,25,3597,83,903,720,788,7.87,1.56,8.03,78.79,11,45.5609839,-84.7041205
121,25,3576,78,1485,1591,1677,-8.4,-13.43,15.84,212.02,5,45.5608121,-84.7041249
121,25,3577,157,786,895,966,-4.9,-7.28,8.77,213.93,-19,45.5608665,-84.7040778
121,25,3578,368,374,535,555,-3.63,-3.02,4.72,230.25,14,45.5609045,-84.70406
121,25,3579,231,294,430,486,-2.37,-3.11,3.91,217.3,9,45.5609033,-84.7040439
121,25,3580,338,543,634,728,-2.55,-5.65,6.2,204.3,12,45.5608805,-84.7040472
121,25,3581,245,1018,1085,1211,-3.42,-10.41,10.96,198.21,12,45.560838,-84.7040601
121,25,3582,149,835,836,999,0.08,-8.85,8.85,179.49,10,45.560851,-84.7040147
121,25,3583,286,886,885,1040,0.23,-9.27,9.27,178.6,11,45.5608473,-84.704013
121,25,35,275,876,836,1018,1.9,-8.78,8.99,167.79,-10,45.5608512,-84.7039913
121,25,36,334,921,782,981,5.99,-6.46,8.81,137.16,1,45.560871,-84.7039381
121,25,3584,205,506,483,650,0.7,-5.33,5.38,172.57,15,45.5608825,-84.7040055
121,25,3585,104,342,298,474,0.8,-3.53,3.62,167.27,-4,45.5608987,-84.7040035
121,25,3586,80,564,383,436,4.36,1.34,4.57,72.87,5,45.5609416,-84.7039561
121,25,3587,166,1040,860,906,8.87,2.81,9.31,72.42,-17,45.5609537,-84.7038978
121,25,3588,312,1013,819,914,9.02,0.6,9.04,86.19,14,45.5609338,-84.7038967
121,25,3589,338,1086,951,1154,6.86,-7.95,10.5,139.21,-1,45.5608574,-84.7039275
121,25,3590,367,1298,1219,1422,5.12,-11.93,12.99,156.77,-20,45.560822,-84.7039513
121,25,3591,188,1622,1528,1728,7.45,-14.39,16.21,152.63,4,45.5607993,-84.7039223
121,25,3592,253,1711,1553,1746,12.79,-10.62,16.62,129.69,3,45.5608319,-84.7038526
121,25,3599,509,1167,987,1038,9.99,3.07,10.45,72.89,-6,45.5609557,-84.7038835
121,25,3593,311,668,812,857,-5.31,-5.53,7.66,223.86,11,45.5608823,-84.7040825
122,25,3598,83,492,444,628,1.2,-5.01,5.15,166.5,6,45.5607787,-84.7040128
123,25,3594,91,855,926,727,-3.22,7.69,8.34,337.31,7,45.5611345,-84.7047004
124,30,3600,87,889,1088,1029,-9.76,-2.17,9.99,257.47,6,45.5617256,-84.7056668
124,30,3601,110,871,1069,1014,-9.55,-2.31,9.82,256.37,4,45.5617242,-84.7056641
124,30,3602,341,950,1132,1131,-9.08,-5.4,10.56,239.24,3,45.5616963,-84.7056592
124,30,3603,371,771,932,963,-6.62,-5.69,8.73,229.34,7,45.5616931,-84.7056279
124,30,3604,119,645,843,798,-7.25,-2.22,7.58,252.97,5,45.5617245,-84.7056347
124,30,3605,111,528,728,669,-6.24,-1.33,6.38,257.94,6,45.5617322,-84.7056214
124,30,3606,103,508,705,670,-5.86,-2.13,6.23,250.02,2,45.561725,-84.7056168
124,30,3607,221,566,722,762,-4.88,-4.65,6.74,226.43,7,45.5617021,-84.7056053
124,30,3608,123,616,751,816,-4.54,-5.62,7.23,218.97,6,45.5616932,-84.7056013
124,30,3609,94,652,781,859,-4.48,-6.13,7.59,216.12,7,45.5616886,-84.7056006
124,30,3610,82,1046,1214,1044,-9.51,5.53,11,300.18,9,45.5617948,-84.7056608
124,30,3611,130,999,1166,997,-9.09,5.26,10.5,300.05,8,45.5617922,-84.7056555
124,30,3612,77,1010,1163,982,-8.36,6.36,10.51,307.27,10,45.561802,-84.7056458
124,30,3613,189,1232,1376,1182,-9.16,8.62,12.58,313.25,10,45.5618224,-84.7056552
124,30,3614,109,1217,1328,1139,-7.43,9.76,12.26,322.72,-18,45.5618323,-84.7056326
124,30,3615,286,1405,1465,1268,-4.41,12.97,13.7,341.21,5,45.5618604,-84.7055928
124,30,3617,192,1605,1614,1436,-0.86,15.45,15.48,356.83,6,45.5618818,-84.7055463
124,30,3618,183,1304,1262,1111,2.63,11.92,12.21,12.42,6,45.5618492,-84.7055031
124,30,3619,284,1140,1100,948,2.05,10.33,10.53,11.25,7,45.561835,-84.705511
124,30,3620,302,1111,1048,915,3.24,9.62,10.15,18.61,10,45.5618283,-84.705496
124,30,3621,184,895,915,728,-1.03,8.35,8.41,352.94,10,45.561818,-84.7055512
125,30,3616,262,1678,1716,1526,-3.39,15.97,16.33,348.03,11,45.5618826,-84.705531
125,30,3622,125,1060,1134,938,-4.21,9.53,10.42,336.15,10,45.561825,-84.705544
125,30,3623,91,991,1086,888,-5.04,8.49,9.87,329.29,8,45.5618158,-84.7055549
125,30,3624,119,930,1024,826,-4.72,7.93,9.23,329.22,7,45.5618107,-84.7055511
125,30,37,317,777,857,657,-3.38,6.7,7.51,333.27,8,45.5617993,-84.7055343
125,30,38,297,316,515,440,-4.05,-0.5,4.08,262.91,9,45.5617346,-84.7055455
125,30,39,306,456,290,319,3.04,1.45,3.36,64.54,-14,45.5617504,-84.7054541
125,30,40,90,768,569,692,6.72,-0.58,6.74,94.94,10,45.5617312,-84.7054077
125,30,41,258,1553,1386,1569,12.34,-8.43,14.94,124.34,10,45.5616591,-84.7053386
125,30,42,140,1921,1752,1943,15.16,-10.96,18.7,125.87,7,45.5616357,-84.7053035
125,30,3625,90,1013,1143,952,-7.13,7.5,10.35,316.44,8,45.5618074,-84.7055821
125,30,3626,108,1129,1268,1071,-8.05,8.27,11.54,315.76,12,45.5618145,-84.7055936
125,30,3627,86,1003,998,825,0.18,9.41,9.41,1.09,6,45.5618227,-84.7054878
125,30,3628,354,351,546,516,-4.19,-1.74,4.54,247.43,5,45.5617235,-84.7055479
125,30,3629,258,325,503,508,-3.59,-2.4,4.32,236.31,-11,45.5617175,-84.7055404
125,30,3630,200,421,604,593,-4.69,-2.47,5.3,242.16,13,45.5617171,-84.7055544
125,30,3631,276,929,1082,1125,-7.45,-7.17,10.34,226.1,3,45.5616756,-84.7055915
125,30,3632,188,1162,1277,1362,-6.92,-10.54,12.61,213.29,4,45.5616451,-84.705586
125,30,3633,365,482,513,656,-0.54,-5.3,5.33,185.8,5,45.5616906,-84.7055023
125,30,3634,128,618,492,691,3.61,-4.73,5.95,142.67,6,45.5616946,-84.705449
125,30,3635,212,1368,1313,1175,3.66,12.26,12.8,16.64,8,45.5618475,-84.7054421
125,30,3636,247,1219,1093,1026,7.14,8.43,11.05,40.25,6,45.5618121,-84.705399
125,30,3637,338,1042,889,860,7.12,5.79,9.18,50.91,4,45.5617883,-84.7054002
125,30,3638,133,645,521,457,3.58,3.98,5.35,41.9,3,45.5617731,-84.7054463
125,30,3639,324,490,304,383,3.67,0.78,3.75,78.04,10,45.5617442,-84.7054462
125,30,3640,113,1080,885,951,9.49,2.04,9.7,77.87,6,45.561754,-84.7053713
125,30,3641,243,1299,1176,1137,8.83,8.1,11.98,47.49,6,45.5618087,-84.7053775
125,30,3642,224,1203,1006,1084,10.77,1.71,10.91,80.98,6,45.5617507,-84.705355
125,30,3643,303,1753,1555,1632,16.19,2.48,16.38,81.31,8,45.5617562,-84.7052853
125,30,3644,90,1496,1297,1393,13.94,0.62,13.95,87.44,9,45.5617401,-84.7053149
125,30,3645,81,1522,1323,1421,14.21,0.51,14.22,87.92,8,45.5617391,-84.7053114
125,30,3646,311,1604,1407,1516,14.98,-0.43,14.99,91.63,8,45.5617305,-84.7053018
125,30,3647,278,1263,1065,1209,11.4,-2.63,11.7,102.99,7,45.5617115,-84.7053485
125,30,3648,291,797,651,848,5.36,-5.29,7.53,134.63,7,45.5616892,-84.7054268
125,30,3649,234,1116,1077,1261,2.28,-11.21,11.44,168.49,7,45.5616368,-84.7054684
125,30,3650,267,1212,1122,1320,5.37,-10.82,12.08,153.62,8,45.5616394,-84.7054288
125,30,3651,258,1278,1192,1391,5.41,-11.57,12.78,154.94,3,45.5616326,-84.7054285
125,30,3652,235,1506,1391,1590,8.46,-12.25,14.89,145.35,9,45.5616258,-84.7053896
125,30,3653,296,1510,1398,1585,8.8,-12,14.88,143.73,-21,45.561628,-84.7053852
125,30,3654,231,1578,1473,1668,8.35,-13.24,15.65,147.78,15,45.5616169,-84.7053915
125,30,3655,125,1714,1640,1837,6.28,-16.1,17.28,158.68,3,45.5615917,-84.705419
125,30,3656,142,1968,1939,2109,3.08,-19.79,20.03,171.15,9,45.5615593,-84.7054613
125,30,3657,272,1422,1240,1411,12.12,-5.91,13.49,116,8,45.5616818,-84.7053405
125,30,3658,292,1614,1446,1632,12.79,-8.81,15.53,124.57,6,45.5616556,-84.705333
125,30,3659,90,1564,1380,1535,13.97,-5.28,14.94,110.7,-14,45.5616871,-84.7053166
125,30,3660,86,1599,1414,1569,14.28,-5.42,15.28,110.79,-14,45.5616857,-84.7053126
125,30,3661,231,1683,1504,1675,14.36,-7.34,16.13,117.09,7,45.5616684,-84.7053123
125,30,3662,213,2039,1838,1935,19.31,0.8,19.32,87.63,2,45.5617404,-84.705246
125,30,3663,247,1990,1790,1913,18.8,-2.12,18.92,96.45,7,45.5617142,-84.7052536
126,30,3664,93,1639,1578,1445,4.97,14.73,15.54,18.65,8,45.5617528,-84.705198
126,30,3665,90,1729,1666,1536,5.48,15.51,16.45,19.45,8,45.5617597,-84.7051912
126,30,3666,295,1199,1127,1005,4.1,10.21,11,21.87,12,45.5617124,-84.7052108
126,30,3667,85,596,586,418,0.26,5.3,5.3,2.81,-16,45.5616692,-84.7052617
126,30,3668,222,1264,1135,1072,7.62,8.61,11.5,41.49,6,45.5616971,-84.7051663
126,30,3669,294,1558,1421,1372,10.25,10.12,14.4,45.36,11,45.56171,-84.7051321
126,30,3670,99,1295,1105,1146,11.14,3.9,11.81,70.71,4,45.5616538,-84.7051229
126,30,3671,103,1329,1139,1181,11.49,3.95,12.15,71.03,7,45.5616542,-84.7051184
126,30,3672,91,1354,1162,1205,11.75,3.98,12.4,71.29,6,45.5616544,-84.7051152
126,30,3673,123,1073,880,938,9.3,2.44,9.62,75.31,2,45.5616412,-84.705147
126,30,3674,359,758,587,602,5.6,2.96,6.33,62.11,8,45.5616468,-84.7051943
126,30,3675,170,628,683,815,-1.68,-6.8,7.01,193.84,4,45.5615609,-84.7052909
126,30,3676,96,656,711,843,-1.8,-7.11,7.34,194.22,5,45.5615581,-84.7052927
126,30,3677,402,748,814,939,-2.32,-7.83,8.17,196.5,1,45.5615518,-84.7052996
126,30,3678,333,680,777,874,-3.42,-6.81,7.62,206.66,13,45.5615613,-84.7053133
126,30,3679,109,578,700,781,-3.8,-5.66,6.81,213.9,4,45.5615717,-84.7053177
126,30,3680,335,738,886,935,-5.78,-6.08,8.39,223.51,7,45.5615684,-84.7053432
126,30,3681,93,885,1022,1087,-6.41,-7.61,9.95,220.14,6,45.5615549,-84.7053519
126,30,3682,100,974,1109,1215,-6.15,-9.05,10.94,214.2,-1,45.5615418,-84.705349
126,30,3683,89,988,1120,1188,-6.88,-8.54,10.97,218.87,4,45.5615466,-84.7053583
126,30,3684,346,1123,1288,1311,-9.65,-7.57,12.27,231.89,5,45.561556,-84.7053934
127,30,3685,159,1437,1638,1546,-15.36,-0.64,15.37,267.61,9,45.5615283,-84.705398
127,30,3686,125,1391,1595,1501,-14.92,-0.57,14.93,267.83,7,45.5615289,-84.7053924
127,30,3687,110,820,1024,941,-9.21,-0.84,9.25,264.8,4,45.5615249,-84.7053193
127,30,3688,207,788,971,963,-7.92,-4.28,9,241.62,6,45.5614937,-84.7053041
127,30,3689,342,820,853,667,-1.6,7.5,7.67,347.95,-14,45.561598,-84.7052189
127,30,43,84,753,919,748,-6.9,4.12,8.03,300.84,7,45.5615689,-84.705288
127,30,44,403,547,527,361,0.33,4.6,4.61,4.14,-12,45.5615714,-84.7051952
127,30,45,309,604,434,454,4.31,2.18,4.83,63.12,9,45.5615486,-84.7051452
127,30,46,148,455,255,400,3.55,-0.61,3.6,99.67,7,45.5615237,-84.7051559
127,30,47,45,513,344,536,3.71,-2.75,4.62,126.55,8,45.5615044,-84.7051546
127,30,48,90,802,663,861,5.19,-5.73,7.73,137.82,6,45.5614772,-84.7051368
127,30,49,390,1628,1533,1731,7.63,-14.24,16.15,151.83,8,45.5614001,-84.7051087
127,30,50,331,1770,1671,1869,8.73,-15.26,17.58,150.21,-12,45.5613906,-84.7050949
127,30,3704,313,1372,1571,1507,-14.43,-2.94,14.72,258.46,10,45.5615073,-84.7053869
127,30,3690,231,801,778,647,1.04,7.29,7.36,8.12,-35,45.5615954,-84.7051852
127,30,3691,118,1005,891,813,5.46,7.16,9,37.31,8,45.5615931,-84.7051287
127,30,3692,203,880,772,688,4.47,6.3,7.73,35.35,10,45.5615856,-84.7051416
127,30,3693,414,595,529,396,1.57,4.62,4.87,18.73,12,45.5615712,-84.7051794
127,30,3694,161,332,374,507,-0.62,-3.87,3.92,189.15,8,45.5614954,-84.7052106
127,30,3695,112,639,724,827,-2.96,-6.62,7.25,204.09,-16,45.5614713,-84.7052415
127,30,3696,127,648,755,845,-3.7,-6.45,7.44,209.85,7,45.561473,-84.7052509
127,30,3697,260,957,1093,1154,-6.85,-8.06,10.58,220.39,10,45.5614594,-84.7052919
127,30,3698,209,946,1069,1147,-6.06,-8.53,10.46,215.42,7,45.561455,-84.7052819
127,30,3699,300,1124,1206,1319,-4.59,-11.14,12.05,202.38,4,45.5614311,-84.705264
127,30,3700,217,536,382,576,3.66,-3.22,4.88,131.32,10,45.5615002,-84.7051554
127,30,3701,83,553,407,604,3.61,-3.7,5.18,135.7,8,45.5614959,-84.7051562
127,30,3702,125,556,383,572,4.14,-2.78,4.99,123.91,8,45.561504,-84.7051492
127,30,3703,277,864,675,733,7.2,1.98,7.47,74.66,9,45.561546,-84.7051082
127,30,3705,100,838,640,735,7.33,0.52,7.35,85.97,7,45.5615329,-84.705107
127,30,3706,95,1271,1090,1131,11.04,3.71,11.64,71.42,-16,45.5615606,-84.7050585
127,30,3707,136,1318,1127,1186,11.72,2.94,12.09,75.91,9,45.5615536,-84.70505
127,30,3708,296,1509,1319,1374,13.43,3.63,13.91,74.86,8,45.5615593,-84.7050279
127,30,3709,325,1298,1102,1226,11.9,-1.36,11.98,96.52,12,45.5615148,-84.7050492
127,30,3710,87,1165,972,1127,10.32,-3.41,10.87,108.27,9,45.5614968,-84.7050702
127,30,3711,81,974,838,1038,6.21,-7.17,9.48,139.13,5,45.561464,-84.7051243
127,30,3712,80,1162,1013,1204,8.29,-7.62,11.26,132.57,6,45.5614595,-84.7050977
127,30,3713,349,1462,1281,1442,12.72,-5.43,13.83,113.11,11,45.561478,-84.7050402
127,30,3714,349,1423,1237,1394,12.57,-4.63,13.39,110.21,-13,45.5614852,-84.7050419
127,30,3715,79,1593,1447,1640,11.19,-10.87,15.61,134.17,2,45.5614294,-84.7050618
127,30,3716,364,1580,1557,1729,2.09,-15.96,16.09,172.55,-15,45.5613861,-84.7051803
127,30,3717,247,1606,1579,1749,2.46,-16.2,16.38,171.35,11,45.5613838,-84.7051755
127,30,3718,138,1674,1601,1804,5.92,-15.84,16.91,159.52,5,45.5613861,-84.7051312
127,30,3719,146,1770,1714,1905,5.01,-17.23,17.94,163.79,4,45.5613739,-84.7051433
127,30,3720,427,1826,1737,1934,8.14,-16.23,18.15,153.37,9,45.5613821,-84.7051029
128,30,3721,364,1050,1215,1048,-9.48,5.36,10.89,299.48,11,45.561425,-84.7050238
128,30,3722,327,924,1098,945,-8.99,3.83,9.77,293.08,4,45.5614111,-84.705018
128,30,3723,392,1260,1449,1328,-13.14,2.14,13.31,279.24,6,45.561397,-84.7050718
128,30,3724,215,1276,1475,1380,-13.71,-0.21,13.71,269.13,7,45.561376,-84.7050799
128,30,3725,250,743,927,781,-7.65,2.58,8.07,288.64,2,45.5613995,-84.7050013
128,30,3726,324,758,953,839,-8.33,0.86,8.37,275.88,4,45.5613842,-84.7050107
128,30,3727,334,632,829,717,-7.09,0.62,7.11,275,2,45.5613817,-84.7049949
128,30,3728,241,844,1037,994,-9.05,-2.89,9.5,252.32,10,45.5613507,-84.7050213
128,30,3729,281,843,1024,998,-8.71,-3.64,9.44,247.3,-17,45.5613438,-84.7050172
128,30,3730,350,1040,1181,1255,-7.15,-8.93,11.44,218.68,1,45.5612959,-84.7049992
128,30,3731,140,739,873,938,-5.31,-6.57,8.45,218.96,3,45.5613166,-84.7049748
128,30,3732,123,279,466,348,-3.48,0.66,3.54,280.74,3,45.5613812,-84.7049486
128,30,3733,104,125,320,274,-2.22,-0.53,2.29,256.5,9,45.5613701,-84.704933
128,30,3734,95,592,653,455,-2,5.27,5.64,339.22,1,45.5614222,-84.704928
128,30,3735,137,1238,1259,1070,-1.36,11.79,11.87,353.42,7,45.5614807,-84.7049175
128,30,3736,408,1381,1384,1217,-0.45,13.12,13.13,358.05,7,45.5614925,-84.7049053
128,30,3737,347,1562,1540,1374,1.46,14.72,14.8,5.65,4,45.5615064,-84.7048803
129,30,3738,375,928,929,751,-0.26,8.54,8.55,358.27,6,45.561444,-84.7048983
129,30,3739,349,564,549,381,0.2,4.83,4.83,2.41,-15,45.5614105,-84.7048938
129,30,3740,82,665,557,475,3.37,4.51,5.62,36.77,8,45.5614068,-84.7048534
129,30,3741,89,679,573,484,3.27,4.73,5.75,34.65,6,45.5614088,-84.7048545
129,30,3742,150,862,779,666,3.4,6.84,7.64,26.4,9,45.5614278,-84.7048522
129,30,3743,239,863,740,672,4.82,5.74,7.49,40.03,9,45.5614175,-84.7048344
129,30,3744,100,1273,1165,1078,6.64,9.65,11.71,34.52,9,45.5614522,-84.7048097
129,30,3745,131,1285,1178,1094,6.73,9.74,11.84,34.64,13,45.561453,-84.7048084
129,30,3746,83,1289,1190,1097,6.33,10.1,11.92,32.06,14,45.5614563,-84.7048135
129,30,3747,318,1379,1243,1191,8.82,9,12.6,44.43,9,45.5614458,-84.7047819
129,30,3748,391,1428,1292,1240,9.17,9.3,13.06,44.6,10,45.5614484,-84.7047774
129,30,3749,103,1178,1044,991,7.52,7.61,10.7,44.67,11,45.5614336,-84.7047991
129,30,3750,277,1239,1090,1073,9.13,6.58,11.26,54.24,20,45.5614239,-84.7047788
129,30,3751,89,836,662,684,6.59,3.03,7.25,65.28,9,45.5613927,-84.7048127
129,30,3752,134,807,614,717,7.08,0.1,7.09,89.22,16,45.5613661,-84.7048074
129,30,51,137,733,786,594,-2.15,6.66,7,342.09,13,45.5614276,-84.7049233
129,30,52,358,496,458,307,0.73,3.98,4.05,10.4,16,45.5614027,-84.7048874
129,30,53,124,241,409,280,-2.82,0.93,2.97,288.26,14,45.5613762,-84.704934
129,30,54,333,1258,1099,1293,9.34,-7.6,12.04,129.16,10,45.5612963,-84.7047814
129,30,3753,129,1391,1196,1274,12.72,1.84,12.85,81.78,9,45.5613804,-84.7047346
129,30,3754,277,1351,1157,1222,12.04,2.71,12.34,77.3,4,45.5613884,-84.704743
129,30,3755,323,1246,1048,1160,11.4,-0.39,11.4,91.97,12,45.5613607,-84.7047524
129,30,3756,107,1576,1381,1507,14.71,-2.17,14.87,98.41,14,45.5613438,-84.7047106
129,30,3757,291,1697,1499,1622,15.87,-1.84,15.97,96.61,12,45.5613465,-84.7046957
129,30,3758,307,1445,1283,1469,11.19,-8.21,13.88,126.28,10,45.5612904,-84.7047579
129,30,3759,77,1615,1435,1608,13.77,-7.2,15.54,117.62,4,45.5612988,-84.7047246
129,30,3760,113,1993,1808,1977,17.43,-8.16,19.25,115.07,6,45.5612893,-84.7046779
129,30,3761,105,1981,1800,1966,17.32,-8.19,19.16,115.31,8,45.561289,-84.7046794
129,30,3762,97,2029,1845,2015,17.7,-8.5,19.64,115.67,2,45.5612861,-84.7046747
129,30,3763,372,2084,1912,2085,17.5,-9.96,20.14,119.65,14,45.561273,-84.7046777
129,30,3764,365,2178,2007,2171,18.74,-9.63,21.07,117.21,2,45.5612756,-84.7046618
129,30,3765,186,1860,1754,1948,9.91,-15.62,18.49,147.61,-17,45.5612241,-84.704777
129,30,3766,123,1984,1820,2022,14.81,-12.53,19.4,130.22,10,45.5612506,-84.7047131
129,30,3767,340,1691,1647,1836,3.83,-16.69,17.13,167.08,7,45.561216,-84.7048552
129,30,3768,272,1351,1254,1454,6.47,-11.77,13.43,151.2,7,45.5612596,-84.7048196
129,30,3769,148,997,905,1102,4.51,-8.89,9.97,153.13,8,45.561286,-84.7048437
129,30,3770,175,1128,1100,1280,1.73,-11.52,11.65,171.44,8,45.5612631,-84.7048802
129,30,3771,369,1202,1215,1376,-0.61,-12.48,12.5,182.81,-9,45.561255,-84.7049106
129,30,3772,349,757,794,939,-1.25,-8.06,8.15,188.78,5,45.5612949,-84.7049171
129,30,3773,80,403,489,592,-1.9,-4.52,4.9,202.87,11,45.561327,-84.7049242
129,30,3774,153,429,518,620,-2.06,-4.71,5.14,203.62,10,45.5613253,-84.7049262
129,30,3775,278,221,405,406,-2.74,-1.79,3.27,236.79,5,45.5613517,-84.7049339
129,30,3776,283,224,420,364,-3.12,-0.7,3.2,257.34,9,45.5613616,-84.7049384
129,30,3777,252,1440,1245,1315,13.03,2.5,13.27,79.14,9,45.5613862,-84.7047305
129,30,3778,87,1401,1206,1277,12.72,2.35,12.94,79.53,5,45.561385,-84.7047344
129,30,3779,114,1433,1240,1317,13.15,1.9,13.29,81.76,11,45.5613809,-84.7047291
130,30,2,386,551,747,700,-6.19,-1.93,6.49,252.66,11,45.5616918,-84.7078189
131,30,3397,144,1006,928,808,3.69,8.32,9.1,23.93,10,45.5614619,-84.7073134
132,30,3780,371,845,940,745,-4.4,7.02,8.29,327.9,-18,45.561334,-84.7041186
132,30,3781,387,1167,1187,997,-1.32,10.94,11.02,353.14,8,45.5613685,-84.7040777
132,30,3782,137,529,566,370,-1.12,4.69,4.83,346.54,6,45.5613123,-84.7040775
132,30,3783,375,326,218,167,1.38,1.59,2.11,40.91,15,45.5612837,-84.7040466
132,30,3784,81,657,546,462,3.27,4.44,5.52,36.33,5,45.5613089,-84.7040214
132,30,3785,91,808,642,650,6.13,3.33,6.98,61.54,7,45.5612981,-84.7039851
132,30,3786,331,1134,975,989,9.1,4.64,10.21,62.96,5,45.5613092,-84.7039467
132,30,3787,98,673,870,820,-7.58,-2.06,7.85,254.79,8,45.5612532,-84.7041626
132,30,3788,370,523,672,713,-4.37,-4.4,6.2,224.81,12,45.5612313,-84.7041224
132,30,3789,220,496,631,694,-3.69,-4.69,5.97,218.19,-11,45.5612285,-84.7041138
132,30,3790,90,716,735,929,-0.56,-7.84,7.86,184.09,1,45.5611994,-84.7040749
132,30,3791,303,347,414,530,-1.09,-3.99,4.14,195.24,-4,45.5612342,-84.7040802
132,30,3792,375,257,364,448,-1.43,-3.03,3.35,205.2,8,45.5612429,-84.7040842
132,30,3793,296,295,354,472,-0.75,-3.49,3.57,192.13,2,45.5612386,-84.7040757
132,30,3794,88,340,165,360,2.28,-1.62,2.8,125.44,6,45.5612546,-84.7040363
132,30,3795,473,633,446,604,5.14,-1.67,5.4,108.05,-18,45.5612534,-84.7039997
132,30,3796,144,947,774,950,7.64,-4.5,8.86,120.52,-14,45.5612273,-84.7039687
132,30,3797,199,1371,1197,1381,11.07,-7.01,13.1,122.34,1,45.5612039,-84.7039257
132,30,3798,101,1478,1324,1518,10.84,-9.47,14.39,131.14,12,45.5611818,-84.7039295
132,30,3799,357,1780,1613,1801,14.02,-9.95,17.19,125.36,4,45.5611767,-84.703889
132,30,55,374,386,271,227,1.9,1.96,2.73,44.15,18,45.5612869,-84.7040398
133,30,3800,141,1674,1687,1844,-1.01,-17.29,17.32,183.33,5,45.5611987,-84.7039223
133,30,3801,109,1366,1356,1529,0.77,-14.12,14.14,176.88,3,45.5612268,-84.7038985
133,30,3802,150,1048,1036,1207,0.79,-10.9,10.93,175.86,9,45.5612557,-84.703897
133,30,3803,266,928,912,1082,0.94,-9.6,9.64,174.43,13,45.5612674,-84.7038947
133,30,3804,328,921,883,1060,1.97,-9.21,9.42,167.93,-17,45.5612707,-84.7038813
133,30,3805,284,984,949,1123,1.92,-9.9,10.08,169.03,-13,45.5612645,-84.7038822
133,30,3806,154,370,440,555,-1.31,-4.25,4.45,197.06,5,45.5613161,-84.7039214
133,30,3846,125,705,737,882,-1.07,-7.62,7.7,187.96,5,45.5612857,-84.7039196
133,30,3807,286,1011,1019,835,-0.56,9.44,9.45,356.61,4,45.561439,-84.7039068
133,30,3808,197,818,773,620,1.62,7.12,7.3,12.82,2,45.5614176,-84.7038798
133,30,3809,85,1143,1125,957,0.95,10.7,10.75,5.06,4,45.56145,-84.7038871
133,30,3810,177,1383,1364,1197,1.17,13.06,13.11,5.1,5,45.5614712,-84.7038834
133,30,3811,165,1664,1575,1462,7,13.98,15.63,26.6,0,45.5614779,-84.7038084
133,30,3812,119,753,658,858,3.42,-6.7,7.52,152.99,5,45.5612928,-84.7038618
133,30,3813,114,1312,1212,1431,6,-11.71,13.16,152.87,1,45.5612471,-84.7038306
133,30,3814,380,1386,1315,1506,5.08,-12.91,13.88,158.52,7,45.5612365,-84.7038428
133,30,3815,99,1760,1677,1880,7.08,-16.25,17.72,156.45,3,45.561206,-84.7038184
133,30,56,146,877,830,1015,2.12,-8.78,9.03,166.43,1,45.5612745,-84.7038792
133,30,57,298,1054,895,1091,7.69,-6.43,10.02,129.9,-1,45.5612942,-84.703807
133,30,58,342,1300,1103,1253,11.64,-3.15,12.06,105.12,7,45.5613227,-84.7037552
133,30,59,317,961,810,779,6.45,5.34,8.37,50.38,8,45.5614003,-84.7038186
133,30,60,122,1994,1808,1801,15.81,9.91,18.66,57.94,6,45.561439,-84.703697
133,30,61,294,2123,1948,1932,16.36,11.34,19.91,55.26,3,45.5614518,-84.7036895
134,30,3817,96,1086,989,1220,4.69,-9.88,10.94,154.59,8,45.561305,-84.7037936
134,30,3818,165,1018,919,1119,4.89,-8.88,10.14,151.16,9,45.561314,-84.7037908
134,30,3819,83,301,332,470,-0.43,-3.56,3.59,186.81,8,45.5613631,-84.7038569
134,30,3820,101,1077,1023,872,2.55,9.55,9.88,14.98,4,45.5614803,-84.7038139
134,30,3821,109,1494,1499,1367,-0.67,14.51,14.53,357.36,2,45.5615258,-84.7038533
134,30,3822,209,1541,1558,1380,-1.49,14.81,14.88,354.25,6,45.5615287,-84.7038638
134,30,3823,145,1689,1706,1530,-1.61,16.33,16.41,354.36,5,45.5615423,-84.7038648
134,30,3824,173,1954,1936,1769,1.62,18.77,18.84,4.93,3,45.5615635,-84.7038225
134,30,3825,236,1269,1202,1071,3.98,11.03,11.73,19.82,11,45.5614933,-84.7037951
134,30,3826,141,1312,1200,1115,7,9.83,12.07,35.46,5,45.5614817,-84.7037568
134,30,3827,80,878,733,931,5.91,-6.05,8.46,135.71,7,45.5613391,-84.7037767
134,30,3828,140,1626,1482,1681,11.16,-11.38,15.94,135.55,-9,45.5612899,-84.7037114
134,30,3829,80,1633,1501,1708,10.11,-12.58,16.14,141.21,9,45.5612793,-84.7037252
134,30,3830,169,1850,1679,1886,13.98,-11.35,18,129.07,-12,45.5612894,-84.7036753
134,30,3831,98,1871,1709,1901,14.34,-11.32,18.27,128.28,9,45.5612896,-84.7036706
134,30,3832,145,1130,947,1138,9.09,-5.6,10.67,121.61,8,45.5613424,-84.7037358
134,30,3833,206,913,732,765,7.37,2.99,7.96,67.91,4,45.5614201,-84.7037546
134,30,3834,205,1137,940,1020,10.16,1.47,10.27,81.79,8,45.5614056,-84.7037195
134,30,3835,219,1449,1249,1390,13.29,-2.78,13.58,101.83,4,45.5613666,-84.703681
134,30,3836,286,1433,1244,1404,12.66,-4.72,13.51,110.43,10,45.5613494,-84.7036897
134,30,3816,91,1785,1703,1914,6.91,-16.62,18,157.43,-14,45.5612438,-84.7037677
134,30,3837,249,2225,2023,2146,21.12,-2.36,21.26,96.36,11,45.5613685,-84.7035805
134,30,3838,150,1776,1576,1663,16.63,1.56,16.7,84.64,2,45.5614048,-84.7036366
134,30,3839,249,1769,1573,1639,16.19,3.39,16.54,78.19,8,45.5614214,-84.7036416
134,30,3840,190,1554,1474,1356,5.95,13.29,14.56,24.12,10,45.561513,-84.7037691
134,30,3841,208,2116,2050,1913,6.41,19.17,20.21,18.48,8,45.5615659,-84.703761
135,30,3842,248,1482,1525,1328,-3.24,14,14.37,346.98,8,45.5615972,-84.7037298
135,30,3843,217,1340,1295,1148,2.89,12.22,12.56,13.31,8,45.5615796,-84.7036519
135,30,3844,76,893,878,708,0.6,8.23,8.26,4.14,6,45.5615444,-84.7036828
135,30,3845,100,649,643,467,0.11,5.82,5.82,1.06,11,45.5615228,-84.7036899
135,30,3847,102,908,834,707,3.07,7.54,8.14,22.16,8,45.5615374,-84.7036514
135,30,3848,120,942,843,745,4.36,7.19,8.41,31.25,10,45.561534,-84.7036349
135,30,3849,127,1324,1213,1128,7.05,9.96,12.2,35.31,10,45.5615582,-84.7035995
135,30,3850,195,1698,1619,1492,6.1,14.77,15.98,22.46,7,45.5616017,-84.7036099
135,30,3851,337,606,432,624,4.49,-2.96,5.38,123.34,3,45.5614427,-84.703637
135,30,3852,218,792,593,731,6.87,-1.17,6.97,99.68,-10,45.5614581,-84.7036059
135,30,62,292,533,543,357,-0.41,4.63,4.65,354.89,10,45.5615122,-84.703697
135,30,63,278,472,417,601,1.37,-4.62,4.82,163.47,6,45.5614285,-84.7036776
136,30,3853,89,513,690,691,-5.38,-3.23,6.27,239.02,11,45.5614875,-84.7035333
136,30,3854,89,233,130,312,1.02,-1.85,2.11,151.15,9,45.5614983,-84.7034509
136,30,3855,152,653,822,659,-6.25,3.27,7.05,297.62,5,45.5615462,-84.703542
136,30,3856,79,409,514,326,-2.54,3.22,4.1,321.72,-14,45.5615448,-84.7034946
136,30,3857,102,536,615,418,-2.38,4.62,5.19,332.7,7,45.5615573,-84.703492
136,30,3858,137,746,832,635,-3.53,6.42,7.33,331.18,7,45.5615739,-84.7035061
136,30,3859,70,1048,1116,919,-3.78,9.55,10.27,338.44,5,45.5616021,-84.7035081
136,30,3860,249,1083,1153,958,-4.12,9.73,10.56,337.07,10,45.5616038,-84.7035124
136,30,3861,292,1247,1291,1099,-2.97,11.66,12.03,345.72,7,45.5616208,-84.703497
136,30,3862,225,1062,1103,914,-2.39,9.92,10.2,346.45,-9,45.561605,-84.7034902
136,30,3863,83,1018,1058,869,-2.21,9.56,9.81,346.98,-12,45.5616017,-84.703488
136,30,3864,227,1207,1207,1029,-0.15,11.41,11.42,359.25,-7,45.5616179,-84.703461
136,30,3865,80,1269,1283,1102,-1.01,12.14,12.18,355.24,-11,45.5616247,-84.7034717
136,30,3866,89,905,872,715,1.42,8.17,8.29,9.83,8,45.5615883,-84.7034421
136,30,3867,93,743,748,569,-0.26,6.84,6.85,357.84,6,45.5615768,-84.703464
136,30,3868,95,474,446,281,0.58,3.91,3.95,8.4,6,45.5615502,-84.7034544
136,30,3869,78,389,371,198,0.28,3.12,3.13,5.06,9,45.5615432,-84.7034585
136,30,3870,179,542,454,653,2.32,-4.88,5.4,154.59,12,45.5614707,-84.7034353
136,30,3871,221,775,606,783,6.09,-3.71,7.13,121.32,-15,45.5614803,-84.7033866
136,30,3872,229,543,400,369,3.26,2.73,4.25,50.06,3,45.5615389,-84.7034205
136,30,3873,198,556,388,407,3.93,1.99,4.4,63.15,6,45.5615321,-84.7034122
136,30,3874,75,775,678,583,3.61,5.73,6.78,32.23,10,45.5615658,-84.7034149
136,30,3875,69,1071,1029,877,2.18,9.68,9.93,12.7,5,45.5616017,-84.7034317
136,30,3876,72,1202,1155,1009,2.78,10.87,11.22,14.34,7,45.5616122,-84.7034237
136,30,3877,199,1170,1113,975,3.15,10.33,10.8,16.94,7,45.5616073,-84.7034192
136,30,3878,137,1387,1324,1193,4.27,12.26,12.98,19.2,11,45.5616244,-84.7034041
136,30,3879,69,1342,1246,1144,6.23,10.78,12.45,30.01,8,45.5616106,-84.7033795
136,30,3880,81,1486,1378,1290,7.79,11.46,13.86,34.22,8,45.5616162,-84.7033592
136,30,3881,62,1679,1544,1489,10.99,11.26,15.73,44.31,7,45.5616136,-84.7033184
136,30,3882,203,1322,1202,1131,7.69,9.39,12.14,39.34,8,45.5615976,-84.7033613
136,30,3883,73,1133,971,969,8.78,5.26,10.24,59.09,-10,45.5615602,-84.7033488
136,30,3884,102,791,611,649,6.37,2.38,6.8,69.5,7,45.561535,-84.7033808
136,30,3885,100,798,607,674,6.73,1.49,6.9,77.55,4,45.5615268,-84.7033765
136,30,3886,232,1059,863,990,9.56,-1.23,9.64,97.31,11,45.5615017,-84.7033413
136,30,3921,132,1571,1411,1396,12.01,8.26,14.57,55.49,7,45.5615864,-84.7033064
136,30,3887,241,1380,1203,1376,11.55,-6.2,13.11,118.22,-16,45.5614565,-84.7033176
136,30,3888,245,1528,1378,1569,11.08,-9.87,14.84,131.69,-12,45.5614236,-84.703325
136,30,3889,103,1426,1314,1505,8.13,-11.58,14.15,144.92,-21,45.561409,-84.7033634
136,30,64,62,436,318,256,2.25,2.41,3.29,43.04,6,45.5615363,-84.7034336
136,30,65,422,1008,817,889,8.71,1.74,8.88,78.71,11,45.5615286,-84.7033511
136,30,66,278,1340,1151,1300,12,-3.66,12.55,106.97,10,45.5614792,-84.7033109
137,30,3890,100,1084,1112,1278,-1.44,-11.45,11.54,187.16,10,45.5613858,-84.7032545
137,30,3891,223,1038,1017,1181,1.29,-10.64,10.72,173.08,-17,45.5613924,-84.7032192
137,30,3892,358,1275,1249,1411,1.92,-12.86,13,171.5,-15,45.5613724,-84.703212
137,30,3893,89,1209,1120,1316,5.35,-10.9,12.14,153.85,11,45.5613891,-84.7031673
137,30,3894,244,1271,1160,1352,7.11,-10.32,12.53,145.43,15,45.5613939,-84.7031446
137,30,3895,136,1250,1124,1318,7.74,-9.54,12.28,140.96,13,45.5614007,-84.7031363
137,30,3896,197,1259,1132,1324,7.95,-9.41,12.32,139.8,-15,45.5614018,-84.7031335
137,30,3897,240,758,713,889,1.87,-7.55,7.77,166.05,-17,45.5614201,-84.7032106
137,30,3898,353,588,412,587,4.57,-2.37,5.14,117.39,-12,45.561466,-84.7031742
137,30,3899,107,695,510,667,5.84,-2.11,6.21,109.82,-15,45.561468,-84.7031578
137,30,3900,148,539,682,509,-4.52,3.47,5.7,307.49,-15,45.5615208,-84.7032885
137,30,3901,283,787,883,688,-4.19,6.53,7.76,327.34,-10,45.5615483,-84.703283
137,30,3902,327,394,478,284,-2,3.09,3.68,327.16,9,45.5615168,-84.7032563
137,30,3903,622,1496,1384,1303,7.91,11.18,13.69,35.27,6,45.561587,-84.7031265
137,30,3904,80,812,643,650,6.14,3.37,7,61.24,-1,45.5615172,-84.703152
137,30,3905,107,982,800,845,8.32,2.67,8.74,72.2,-16,45.5615104,-84.7031243
137,30,67,275,389,439,250,-1.25,3.22,3.46,338.76,-17,45.5615178,-84.7032467
137,30,68,91,494,500,321,-0.25,4.34,4.34,356.66,-13,45.5615275,-84.7032335
137,30,69,73,292,206,382,1.21,-2.58,2.85,154.87,-20,45.5614649,-84.7032173
138,30,3906,416,504,704,617,-5.88,-0.43,5.89,265.83,5,45.5614326,-84.7030612
138,30,3907,251,641,828,805,-6.83,-3.04,7.48,246.01,9,45.5614094,-84.7030744
138,30,3908,249,817,937,1019,-5.06,-7.61,9.14,213.62,5,45.5613678,-84.7030534
138,30,3909,398,804,908,1003,-4.18,-7.83,8.88,208.12,5,45.5613656,-84.7030422
138,30,3910,351,969,1045,1154,-3.82,-9.71,10.44,201.49,-18,45.5613486,-84.7030383
138,30,3912,173,735,667,855,2.53,-7.02,7.46,160.16,11,45.5613712,-84.7029559
138,30,3911,365,852,725,921,5.19,-6.32,8.18,140.61,7,45.5613768,-84.7029216
138,30,3913,89,1082,931,1120,7.86,-6.87,10.44,131.14,-15,45.5613712,-84.7028876
138,30,3914,440,1210,1103,1294,6.57,-9.87,11.86,146.37,-16,45.5613445,-84.7029054
138,30,3915,82,1632,1582,1780,3.97,-16.15,16.63,166.2,6,45.5612887,-84.7029409
138,30,3916,220,1663,1610,1799,4.54,-16.22,16.84,164.34,-11,45.5612879,-84.7029335
138,30,3917,114,1767,1711,1906,4.92,-17.24,17.93,164.08,-12,45.5612786,-84.7029291
138,30,3922,160,696,798,610,-4.07,5.65,6.96,324.27,-16,45.5614868,-84.7030358
138,30,3923,329,604,679,489,-2.65,5.13,5.77,332.63,-18,45.5614817,-84.7030179
138,30,3924,158,909,944,756,-1.82,8.47,8.66,347.85,8,45.5615116,-84.703006
138,30,3925,98,1177,1180,1004,-0.24,11.19,11.19,358.75,-12,45.5615357,-84.7029848
138,30,3926,82,1108,1101,937,0.33,10.47,10.48,1.78,-17,45.561529,-84.7029778
138,30,3927,86,1230,1177,1042,3.25,11.02,11.49,16.43,-14,45.5615332,-84.7029401
138,30,3928,80,934,834,741,4.51,7.03,8.35,32.66,11,45.561497,-84.7029255
138,30,3929,220,842,747,649,3.79,6.33,7.38,30.91,7,45.5614909,-84.7029349
138,30,3930,278,810,716,612,3.44,6.11,7.01,29.41,4,45.561489,-84.7029395
138,30,3931,127,765,580,635,6.3,1.81,6.56,73.99,3,45.5614496,-84.7029045
138,30,3932,302,1173,1041,991,7.48,7.48,10.57,45,9,45.5615003,-84.7028873
138,30,3933,127,1369,1260,1175,7.23,10.39,12.66,34.83,4,45.5615266,-84.7028894
138,30,70,334,487,330,340,3.17,1.87,3.68,59.48,12,45.5614509,-84.7029445
138,30,71,242,610,415,556,5.09,-0.89,5.17,99.93,8,45.5614256,-84.702921
138,30,72,220,731,646,830,3.25,-6.52,7.28,153.5,-21,45.5613755,-84.7029466
139,30,3918,126,1031,1109,1220,-4.25,-10.33,11.17,202.37,-15,45.5612972,-84.7029632
139,30,3919,181,1024,1100,1217,-3.93,-10.35,11.07,200.8,8,45.5612969,-84.7029591
139,30,3920,90,962,1028,1151,-3.25,-9.94,10.45,198.09,-7,45.5613005,-84.7029502
139,30,3934,213,1548,1416,1356,9.71,10.56,14.35,42.58,4,45.5614815,-84.7027768
139,30,3935,206,1294,1148,1115,9.04,7.6,11.81,49.96,9,45.561455,-84.7027865
139,30,3936,292,1037,880,865,7.5,5.27,9.17,54.87,9,45.5614345,-84.702807
139,30,3937,199,681,528,515,4.65,3.22,5.65,55.32,13,45.5614167,-84.7028443
139,30,3938,228,733,602,555,4.43,4.35,6.21,45.57,-14,45.5614269,-84.7028466
139,30,3939,217,742,586,579,5.23,3.45,6.27,56.58,12,45.5614187,-84.7028367
139,30,3940,338,609,422,512,4.97,0.56,5,83.53,-17,45.5613928,-84.7028411
139,30,3941,266,590,470,405,3.11,3.59,4.75,40.85,7,45.5614205,-84.7028639
